fold,rmse,mae,r2,infer_ms
0,0.3284873366355896,0.3211914300918579,0.0,24.580663499364164
1,0.010295248590409756,0.00810551643371582,0.0,14.653050500783138
2,0.03206335008144379,0.023881403729319572,0.0,10.767527545712339
3,0.04983972758054733,0.043250858783721924,0.0,12.13395644461141
4,0.03159837797284126,0.028759747743606567,0.0,12.99764924988267
5,0.11358534544706345,0.11245119571685791,0.0,14.585448248908506
6,0.05268247053027153,0.04873049259185791,0.0,14.583053500246024
