fold,rmse,mae,r2
0,0.44651859998703003,0.4461914300918579,0.0
1,0.09779255092144012,0.08544921875,0.0
2,0.4804125130176544,0.4796164631843567,0.0
3,0.8891366720199585,0.8856119513511658,0.0
4,0.4852498173713684,0.4850097894668579,0.0
5,0.5963097214698792,0.5860351324081421,0.0
6,0.04925750941038132,0.04921877384185791,0.0
7,1.1833906173706055,1.183294415473938,0.0