fold,rmse,mae,r2
0,0.32023584842681885,0.31561633944511414,-3207282556928.0
1,0.1404513567686081,0.12529470026493073,0.0
2,0.4310693144798279,0.411826491355896,0.0
3,0.1374552994966507,0.11903850734233856,-5318176669696.0
4,0.10632622241973877,0.08710432052612305,-795537375232.0
5,0.17750388383865356,0.14378298819065094,-2217152348160.0
6,0.278827965259552,0.25764113664627075,-5470819975168.0
7,1.0081236362457275,0.9974545836448669,0.0
